Uniqid,Category,Startdate,Starttime,Endtime,QID,Carrots,Apple,Banana,Bread,Broccoli,Butter,Cake,Cereal,Cheese,Chicken,Coffee,Cookies,Corn,Doughnuts,Egg,Hamburger,Lettuce,Lobster,Milk,Muffin,Nuts,Onions,Orange,Pancakes,Pie,Pineapple,Pizza,Popcorn,Potato chips,Potatoes,Pretzels,Rice,Salmon,Soda,Spaghetti,Steak,Waffle,Water,Watermelon,Yogurt,Comment
2249,Sides,10/8/2014,13:09:10,13:13:10,A1Q77WXLOKP6T,0,0,0,1,0,1,0,0,0,0,0,0,0,0,0,0,0,0,0,0,0,1,0,0,0,0,0,0,0,1,0,1,0,0,0,0,0,0,0,0,
2249,meat,10/8/2014,13:09:10,13:13:10,A1Q77WXLOKP6T,0,0,0,0,0,0,0,0,0,1,0,0,0,0,0,0,0,1,0,0,0,0,0,0,0,0,0,0,0,0,0,0,1,0,0,1,0,0,0,0,
2249,dinners,10/8/2014,13:09:10,13:13:10,A1Q77WXLOKP6T,0,0,0,0,0,0,0,0,0,0,0,0,0,0,0,1,0,0,0,0,0,0,0,0,0,0,1,0,0,0,0,0,0,0,1,0,0,0,0,0,
2249,Snacks,10/8/2014,13:09:10,13:13:10,A1Q77WXLOKP6T,0,0,0,0,0,0,1,0,1,0,0,1,0,1,0,0,0,0,0,0,1,0,0,0,1,0,0,1,1,0,1,0,0,0,0,0,0,0,0,1,
2249,breakfasat,10/8/2014,13:09:10,13:13:10,A1Q77WXLOKP6T,0,0,0,0,0,0,0,1,0,0,0,0,0,0,1,0,0,0,0,1,0,0,0,1,0,0,0,0,0,0,0,0,0,0,0,0,1,0,0,0,
2249,Fruit and veggie,10/8/2014,13:09:10,13:13:10,A1Q77WXLOKP6T,1,1,1,0,1,0,0,0,0,0,0,0,1,0,0,0,1,0,0,0,0,0,1,0,0,1,0,0,0,0,0,0,0,0,0,0,0,0,1,0,
2249,Drinks,10/8/2014,13:09:10,13:13:10,A1Q77WXLOKP6T,0,0,0,0,0,0,0,0,0,0,1,0,0,0,0,0,0,0,1,0,0,0,0,0,0,0,0,0,0,0,0,0,0,1,0,0,0,1,0,0,
2263,fruits,10/8/2014,13:13:36,13:18:41,AVHZJ2HQJG3NB,0,1,1,0,0,0,0,0,0,0,0,0,0,0,0,0,0,0,0,0,0,0,1,0,0,1,0,0,0,0,0,0,0,0,0,0,0,0,1,0,
2263,beverages,10/8/2014,13:13:36,13:18:41,AVHZJ2HQJG3NB,0,0,0,0,0,0,0,0,0,0,0,0,0,0,0,0,0,0,1,0,0,0,0,0,0,0,0,0,0,0,0,0,0,1,0,0,0,1,0,0,
2263,snacks,10/8/2014,13:13:36,13:18:41,AVHZJ2HQJG3NB,0,0,0,0,0,0,0,0,0,0,0,1,0,0,0,0,0,0,0,0,1,0,0,0,0,0,0,1,1,0,1,0,0,0,0,0,0,0,0,0,
2263,dessert,10/8/2014,13:13:36,13:18:41,AVHZJ2HQJG3NB,0,0,0,0,0,0,1,0,0,0,0,0,0,1,0,0,0,0,0,1,0,0,0,0,1,0,0,0,0,0,0,0,0,0,0,0,0,0,0,0,
2263,lunch,10/8/2014,13:13:36,13:18:41,AVHZJ2HQJG3NB,0,0,0,0,0,0,0,0,0,1,0,0,0,0,0,1,0,1,0,0,0,0,0,0,0,0,1,0,0,0,0,0,1,0,1,1,0,0,0,0,
2263,vegetables,10/8/2014,13:13:36,13:18:41,AVHZJ2HQJG3NB,1,0,0,0,1,0,0,0,0,0,0,0,1,0,0,0,1,0,0,0,0,1,0,0,0,0,0,0,0,1,0,1,0,0,0,0,0,0,0,0,
2263,breakfast,10/8/2014,13:13:36,13:18:41,AVHZJ2HQJG3NB,0,0,0,1,0,1,0,1,1,0,1,0,0,0,1,0,0,0,0,0,0,0,0,1,0,0,0,0,0,0,0,0,0,0,0,0,1,0,0,1,
2360,1,10/8/2014,14:19:14,14:25:57,AKCVC5MMH625E,0,0,0,0,0,1,0,0,0,0,0,0,0,0,0,0,0,0,0,0,0,0,0,0,0,0,0,0,0,0,0,0,0,0,0,0,0,0,0,0,
2360,Fruit,10/8/2014,14:19:14,14:25:57,AKCVC5MMH625E,0,1,1,0,0,0,0,0,0,0,0,0,0,0,0,0,0,0,0,0,0,0,1,0,0,1,0,0,0,0,0,0,0,0,0,0,0,0,1,0,
2360,Main dishes,10/8/2014,14:19:14,14:25:57,AKCVC5MMH625E,0,0,0,0,0,0,0,0,0,0,0,0,0,0,0,1,0,0,0,0,0,0,0,0,0,0,1,0,0,0,0,0,0,0,1,0,0,0,0,0,
2360,Vegetables,10/8/2014,14:19:14,14:25:57,AKCVC5MMH625E,1,0,0,0,1,0,0,0,0,0,0,0,1,0,0,0,1,0,0,0,0,1,0,0,0,0,0,0,0,1,0,0,0,0,0,0,0,0,0,0,
2360,Sweets,10/8/2014,14:19:14,14:25:57,AKCVC5MMH625E,0,0,0,0,0,0,1,0,0,0,0,1,0,1,0,0,0,0,0,0,0,0,0,0,1,0,0,0,0,0,0,0,0,0,0,0,0,0,0,0,
2360,Dairy,10/8/2014,14:19:14,14:25:57,AKCVC5MMH625E,0,0,0,0,0,0,0,0,1,0,0,0,0,0,0,0,0,0,1,0,0,0,0,0,0,0,0,0,0,0,0,0,0,0,0,0,0,0,0,1,
2360,Drinks,10/8/2014,14:19:14,14:25:57,AKCVC5MMH625E,0,0,0,0,0,0,0,0,0,0,1,0,0,0,0,0,0,0,0,0,0,0,0,0,0,0,0,0,0,0,0,0,0,1,0,0,0,1,0,0,
2360,Carbohydrates,10/8/2014,14:19:14,14:25:57,AKCVC5MMH625E,0,0,0,1,0,0,0,1,0,0,0,0,0,0,0,0,0,0,0,1,0,0,0,1,0,0,0,0,0,0,0,1,0,0,0,0,1,0,0,0,
2360,Protein,10/8/2014,14:19:14,14:25:57,AKCVC5MMH625E,0,0,0,0,0,0,0,0,0,1,0,0,0,0,1,0,0,1,0,0,0,0,0,0,0,0,0,0,0,0,0,0,1,0,0,1,0,0,0,0,
2360,Snacks,10/8/2014,14:19:14,14:25:57,AKCVC5MMH625E,0,0,0,0,0,0,0,0,0,0,0,0,0,0,0,0,0,0,0,0,1,0,0,0,0,0,0,1,1,0,1,0,0,0,0,0,0,0,0,0,
2406,Meat,10/8/2014,17:06:34,17:12:56,A2NZ7RMSBXESNI,0,0,0,0,0,0,0,0,0,0,0,0,0,0,0,1,0,0,0,0,0,0,0,0,0,0,0,0,0,0,0,0,0,0,0,1,0,0,0,0,
2406,Beverage,10/8/2014,17:06:34,17:12:56,A2NZ7RMSBXESNI,0,0,0,0,0,0,0,0,0,0,1,0,0,0,0,0,0,0,0,0,0,0,0,0,0,0,0,0,0,0,0,0,0,1,0,0,0,1,0,0,
2406,Bread,10/8/2014,17:06:34,17:12:56,A2NZ7RMSBXESNI,0,0,0,1,0,0,0,0,0,0,0,0,0,0,0,0,0,0,0,1,0,0,0,0,0,0,1,0,0,0,0,0,0,0,0,0,0,0,0,0,
2406,Snacks,10/8/2014,17:06:34,17:12:56,A2NZ7RMSBXESNI,0,0,0,0,0,0,0,0,0,0,0,0,0,0,0,0,0,0,0,0,0,0,0,0,0,0,0,1,1,0,1,0,0,0,0,0,0,0,0,0,
2406,Desserts,10/8/2014,17:06:34,17:12:56,A2NZ7RMSBXESNI,0,0,0,0,0,0,1,0,0,0,0,1,0,0,0,0,0,0,0,0,0,0,0,0,1,0,0,0,0,0,0,0,0,0,0,0,0,0,0,0,
2406,Fruit,10/8/2014,17:06:34,17:12:56,A2NZ7RMSBXESNI,0,1,1,0,0,0,0,0,0,0,0,0,0,0,0,0,0,0,0,0,0,0,1,0,0,1,0,0,0,0,0,0,0,0,0,0,0,0,1,0,
2406,Nuts,10/8/2014,17:06:34,17:12:56,A2NZ7RMSBXESNI,0,0,0,0,0,0,0,0,0,0,0,0,0,0,0,0,0,0,0,0,1,0,0,0,0,0,0,0,0,0,0,0,0,0,0,0,0,0,0,0,
2406,Dairy,10/8/2014,17:06:34,17:12:56,A2NZ7RMSBXESNI,0,0,0,0,0,1,0,0,1,0,0,0,0,0,0,0,0,0,1,0,0,0,0,0,0,0,0,0,0,0,0,0,0,0,0,0,0,0,0,1,
2406,Fish,10/8/2014,17:06:34,17:12:56,A2NZ7RMSBXESNI,0,0,0,0,0,0,0,0,0,0,0,0,0,0,0,0,0,1,0,0,0,0,0,0,0,0,0,0,0,0,0,0,1,0,0,0,0,0,0,0,
2406,Pasta,10/8/2014,17:06:34,17:12:56,A2NZ7RMSBXESNI,0,0,0,0,0,0,0,0,0,0,0,0,0,0,0,0,0,0,0,0,0,0,0,0,0,0,0,0,0,0,0,0,0,0,1,0,0,0,0,0,
2406,Breafast Food,10/8/2014,17:06:34,17:12:56,A2NZ7RMSBXESNI,0,0,0,0,0,0,0,0,0,0,0,0,0,1,0,0,0,0,0,0,0,0,0,1,0,0,0,0,0,0,0,0,0,0,0,0,1,0,0,0,
2406,Vegetables,10/8/2014,17:06:34,17:12:56,A2NZ7RMSBXESNI,1,0,0,0,1,0,0,0,0,0,0,0,1,0,0,0,1,0,0,0,0,1,0,0,0,0,0,0,0,1,0,0,0,0,0,0,0,0,0,0,
2406,Chicken,10/8/2014,17:06:34,17:12:56,A2NZ7RMSBXESNI,0,0,0,0,0,0,0,0,0,1,0,0,0,0,1,0,0,0,0,0,0,0,0,0,0,0,0,0,0,0,0,0,0,0,0,0,0,0,0,0,
2406,Grain,10/8/2014,17:06:34,17:12:56,A2NZ7RMSBXESNI,0,0,0,0,0,0,0,1,0,0,0,0,0,0,0,0,0,0,0,0,0,0,0,0,0,0,0,0,0,0,0,1,0,0,0,0,0,0,0,0,
2428,1,10/8/2014,19:29:38,19:34:27,A1IQMSEXYWICFW,1,0,0,0,1,0,0,0,0,0,0,0,1,0,0,0,1,0,0,0,0,1,0,0,0,0,0,0,0,1,0,0,0,0,0,0,0,0,0,0,
2428,2,10/8/2014,19:29:38,19:34:27,A1IQMSEXYWICFW,0,0,0,0,0,0,1,0,0,0,0,1,0,1,0,0,0,0,0,0,0,0,0,0,1,0,1,1,1,0,0,0,0,1,0,0,0,0,0,0,
2428,3,10/8/2014,19:29:38,19:34:27,A1IQMSEXYWICFW,0,1,1,0,0,0,0,0,0,0,0,0,0,0,0,0,0,0,0,0,0,0,1,0,0,1,0,0,0,0,0,0,0,0,0,0,0,0,1,0,
2428,4,10/8/2014,19:29:38,19:34:27,A1IQMSEXYWICFW,0,0,0,0,0,0,0,0,1,0,0,0,0,0,0,0,0,0,1,0,0,0,0,0,0,0,0,0,0,0,0,0,0,0,0,0,0,0,0,1,
2428,5,10/8/2014,19:29:38,19:34:27,A1IQMSEXYWICFW,0,0,0,0,0,1,0,0,0,0,0,0,0,0,0,0,0,0,0,0,0,0,0,1,0,0,0,0,0,0,0,0,0,0,0,0,1,0,0,0,
2428,6,10/8/2014,19:29:38,19:34:27,A1IQMSEXYWICFW,0,0,0,0,0,0,0,0,0,1,0,0,0,0,1,1,0,1,0,0,0,0,0,0,0,0,0,0,0,0,0,0,1,0,0,1,0,0,0,0,
2428,7,10/8/2014,19:29:38,19:34:27,A1IQMSEXYWICFW,0,0,0,1,0,0,0,1,0,0,0,0,0,0,0,0,0,0,0,1,1,0,0,0,0,0,0,0,0,0,1,1,0,0,0,0,0,0,0,0,
2428,8,10/8/2014,19:29:38,19:34:27,A1IQMSEXYWICFW,0,0,0,0,0,0,0,0,0,0,0,0,0,0,0,0,0,0,0,0,0,0,0,0,0,0,0,0,0,0,0,0,0,0,1,0,0,0,0,0,
2428,9,10/8/2014,19:29:38,19:34:27,A1IQMSEXYWICFW,0,0,0,0,0,0,0,0,0,0,1,0,0,0,0,0,0,0,0,0,0,0,0,0,0,0,0,0,0,0,0,0,0,0,0,0,0,1,0,0,
2461,protein non meat,10/8/2014,22:58:51,23:03:05,A16YVNUJMK1RNE,0,0,0,0,0,0,0,0,0,0,0,0,0,0,1,0,0,0,0,0,1,0,0,0,0,0,0,0,0,0,0,0,0,0,0,0,0,0,0,0,
2461,Fruits,10/8/2014,22:58:51,23:03:05,A16YVNUJMK1RNE,0,1,1,0,0,0,0,0,0,0,0,0,0,0,0,0,0,0,0,0,0,0,1,0,0,1,0,0,0,0,0,0,0,0,0,0,0,0,1,0,
2461,Beverages,10/8/2014,22:58:51,23:03:05,A16YVNUJMK1RNE,0,0,0,0,0,0,0,0,0,0,1,0,0,0,0,0,0,0,0,0,0,0,0,0,0,0,0,0,0,0,0,0,0,1,0,0,0,1,0,0,
2461,Meats,10/8/2014,22:58:51,23:03:05,A16YVNUJMK1RNE,0,0,0,0,0,0,0,0,0,1,0,0,0,0,0,1,0,1,0,0,0,0,0,0,0,0,0,0,0,0,0,0,1,0,0,1,0,0,0,0,
2461,Snacks,10/8/2014,22:58:51,23:03:05,A16YVNUJMK1RNE,0,0,0,0,0,0,0,0,0,0,0,1,0,1,0,0,0,0,0,0,0,0,0,0,0,0,1,1,1,0,1,0,0,0,0,0,0,0,0,0,
2461,Dairy,10/8/2014,22:58:51,23:03:05,A16YVNUJMK1RNE,0,0,0,0,0,1,0,0,1,0,0,0,0,0,0,0,0,0,1,0,0,0,0,0,0,0,0,0,0,0,0,0,0,0,0,0,0,0,0,1,
2461,Breads,10/8/2014,22:58:51,23:03:05,A16YVNUJMK1RNE,0,0,0,1,0,0,1,1,0,0,0,0,0,0,0,0,0,0,0,1,0,0,0,1,1,0,0,0,0,0,0,1,0,0,1,0,1,0,0,0,
2461,Veggies,10/8/2014,22:58:51,23:03:05,A16YVNUJMK1RNE,1,0,0,0,1,0,0,0,0,0,0,0,1,0,0,0,1,0,0,0,0,1,0,0,0,0,0,0,0,1,0,0,0,0,0,0,0,0,0,0,
2469,Snacks,10/8/2014,23:24:22,23:34:21,AK3QACQCA2NP4,0,0,0,0,0,0,0,0,0,0,0,0,0,0,0,0,0,0,0,0,0,0,0,0,0,0,0,1,0,0,0,0,0,0,0,0,0,0,0,0,
2469,Snacks,10/8/2014,23:24:22,23:34:21,AK3QACQCA2NP4,0,0,0,0,0,0,0,0,0,0,0,0,0,0,0,0,0,0,0,0,0,0,0,0,0,0,0,0,0,0,1,0,0,0,0,0,0,0,0,0,
2469,Snacks,10/8/2014,23:24:22,23:34:21,AK3QACQCA2NP4,0,0,0,0,0,0,0,0,0,0,0,0,0,0,0,0,0,0,0,0,0,0,0,0,0,0,1,0,0,0,0,0,0,0,0,0,0,0,0,0,
2469,Fruits & Veggies,10/8/2014,23:24:22,23:34:21,AK3QACQCA2NP4,0,1,0,0,0,0,0,0,0,0,0,0,0,0,0,0,0,0,0,0,0,0,0,0,0,0,0,0,0,0,0,0,0,0,0,0,0,0,0,0,
2469,Fruits & Veggies,10/8/2014,23:24:22,23:34:21,AK3QACQCA2NP4,0,0,0,0,1,0,0,0,0,0,0,0,0,0,0,0,0,0,0,0,0,0,0,0,0,0,0,0,0,0,0,0,0,0,0,0,0,0,0,0,
2469,Fruits & Veggies,10/8/2014,23:24:22,23:34:21,AK3QACQCA2NP4,0,0,0,0,0,0,0,0,0,0,0,0,0,0,0,0,0,0,0,0,0,0,0,0,0,1,0,0,0,0,0,0,0,0,0,0,0,0,0,0,
2469,Fruits & Veggies,10/8/2014,23:24:22,23:34:21,AK3QACQCA2NP4,0,0,0,0,0,0,0,0,0,0,0,0,0,0,0,0,0,0,0,0,0,1,0,0,0,0,0,0,0,0,0,0,0,0,0,0,0,0,0,0,
2469,Fruits & Veggies,10/8/2014,23:24:22,23:34:21,AK3QACQCA2NP4,0,0,0,0,0,0,0,0,0,0,0,0,0,0,0,0,0,0,0,0,0,0,1,0,0,0,0,0,0,0,0,0,0,0,0,0,0,0,0,0,
2469,Fruits & Veggies,10/8/2014,23:24:22,23:34:21,AK3QACQCA2NP4,0,0,1,0,0,0,0,0,0,0,0,0,0,0,0,0,0,0,0,0,0,0,0,0,0,0,0,0,0,0,0,0,0,0,0,0,0,0,0,0,
2469,Fruits & Veggies,10/8/2014,23:24:22,23:34:21,AK3QACQCA2NP4,0,0,0,0,0,0,0,0,0,0,0,0,1,0,0,0,0,0,0,0,0,0,0,0,0,0,0,0,0,0,0,0,0,0,0,0,0,0,0,0,
2469,Fruits & Veggies,10/8/2014,23:24:22,23:34:21,AK3QACQCA2NP4,0,0,0,0,0,0,0,0,0,0,0,0,0,0,0,0,0,0,0,0,0,0,0,0,0,0,0,0,0,0,0,0,0,0,0,0,0,0,1,0,
2469,Protein,10/8/2014,23:24:22,23:34:21,AK3QACQCA2NP4,0,0,0,0,0,0,0,0,0,0,0,0,0,0,0,1,0,0,0,0,0,0,0,0,0,0,0,0,0,0,0,0,0,0,0,0,0,0,0,0,
2469,Protein,10/8/2014,23:24:22,23:34:21,AK3QACQCA2NP4,0,0,0,0,0,0,0,0,0,0,0,0,0,0,0,0,0,0,0,0,0,0,0,0,0,0,0,0,0,0,0,0,1,0,0,0,0,0,0,0,
2469,Protein,10/8/2014,23:24:22,23:34:21,AK3QACQCA2NP4,0,0,0,0,0,0,0,0,0,0,0,0,0,0,0,0,0,0,0,0,0,0,0,0,0,0,0,0,0,0,0,0,0,0,0,1,0,0,0,0,
2469,Snacks,10/8/2014,23:24:22,23:34:21,AK3QACQCA2NP4,0,0,0,0,0,0,0,0,0,0,0,0,0,0,0,0,0,0,0,0,0,0,0,0,0,0,0,0,1,0,0,0,0,0,0,0,0,0,0,0,
2469,Protein,10/8/2014,23:24:22,23:34:21,AK3QACQCA2NP4,0,0,0,0,0,0,0,0,0,0,0,0,0,0,0,0,0,0,0,0,1,0,0,0,0,0,0,0,0,0,0,0,0,0,0,0,0,0,0,0,
2469,Fruits & Veggies,10/8/2014,23:24:22,23:34:21,AK3QACQCA2NP4,1,0,0,0,0,0,0,0,0,0,0,0,0,0,0,0,0,0,0,0,0,0,0,0,0,0,0,0,0,0,0,0,0,0,0,0,0,0,0,0,
2469,Fruits & Veggies,10/8/2014,23:24:22,23:34:21,AK3QACQCA2NP4,0,0,0,0,0,0,0,0,0,0,0,0,0,0,0,0,0,0,0,0,0,0,0,0,0,0,0,0,0,1,0,0,0,0,0,0,0,0,0,0,
2469,Fruits & Veggies,10/8/2014,23:24:22,23:34:21,AK3QACQCA2NP4,0,0,0,0,0,0,0,0,0,0,0,0,0,0,0,0,1,0,0,0,0,0,0,0,0,0,0,0,0,0,0,0,0,0,0,0,0,0,0,0,
2469,Protein,10/8/2014,23:24:22,23:34:21,AK3QACQCA2NP4,0,0,0,0,0,0,0,0,0,0,0,0,0,0,1,0,0,0,0,0,0,0,0,0,0,0,0,0,0,0,0,0,0,0,0,0,0,0,0,0,
2469,Drinks,10/8/2014,23:24:22,23:34:21,AK3QACQCA2NP4,0,0,0,0,0,0,0,0,0,0,1,0,0,0,0,0,0,0,0,0,0,0,0,0,0,0,0,0,0,0,0,0,0,0,0,0,0,0,0,0,
2469,Drinks,10/8/2014,23:24:22,23:34:21,AK3QACQCA2NP4,0,0,0,0,0,0,0,0,0,0,0,0,0,0,0,0,0,0,1,0,0,0,0,0,0,0,0,0,0,0,0,0,0,0,0,0,0,0,0,0,
2469,Drinks,10/8/2014,23:24:22,23:34:21,AK3QACQCA2NP4,0,0,0,0,0,0,0,0,0,0,0,0,0,0,0,0,0,0,0,0,0,0,0,0,0,0,0,0,0,0,0,0,0,0,0,0,0,1,0,0,
2469,Drinks,10/8/2014,23:24:22,23:34:21,AK3QACQCA2NP4,0,0,0,0,0,0,0,0,0,0,0,0,0,0,0,0,0,0,0,0,0,0,0,0,0,0,0,0,0,0,0,0,0,1,0,0,0,0,0,0,
2469,Protein,10/8/2014,23:24:22,23:34:21,AK3QACQCA2NP4,0,0,0,0,0,0,0,0,0,0,0,0,0,0,0,0,0,1,0,0,0,0,0,0,0,0,0,0,0,0,0,0,0,0,0,0,0,0,0,0,
2469,Protein,10/8/2014,23:24:22,23:34:21,AK3QACQCA2NP4,0,0,0,0,0,0,0,0,1,0,0,0,0,0,0,0,0,0,0,0,0,0,0,0,0,0,0,0,0,0,0,0,0,0,0,0,0,0,0,0,
2469,Protein,10/8/2014,23:24:22,23:34:21,AK3QACQCA2NP4,0,0,0,0,0,0,0,0,0,1,0,0,0,0,0,0,0,0,0,0,0,0,0,0,0,0,0,0,0,0,0,0,0,0,0,0,0,0,0,0,
2469,Breakfast,10/8/2014,23:24:22,23:34:21,AK3QACQCA2NP4,0,0,0,0,0,0,0,1,0,0,0,0,0,0,0,0,0,0,0,0,0,0,0,0,0,0,0,0,0,0,0,0,0,0,0,0,0,0,0,0,
2469,Breakfast,10/8/2014,23:24:22,23:34:21,AK3QACQCA2NP4,0,0,0,0,0,0,0,0,0,0,0,0,0,0,0,0,0,0,0,0,0,0,0,1,0,0,0,0,0,0,0,0,0,0,0,0,0,0,0,0,
2469,Breakfast,10/8/2014,23:24:22,23:34:21,AK3QACQCA2NP4,0,0,0,0,0,0,0,0,0,0,0,0,0,0,0,0,0,0,0,0,0,0,0,0,0,0,0,0,0,0,0,0,0,0,0,0,1,0,0,0,
2469,Treats,10/8/2014,23:24:22,23:34:21,AK3QACQCA2NP4,0,0,0,0,0,0,1,0,0,0,0,0,0,0,0,0,0,0,0,0,0,0,0,0,0,0,0,0,0,0,0,0,0,0,0,0,0,0,0,0,
2469,Treats,10/8/2014,23:24:22,23:34:21,AK3QACQCA2NP4,0,0,0,0,0,0,0,0,0,0,0,0,0,0,0,0,0,0,0,0,0,0,0,0,1,0,0,0,0,0,0,0,0,0,0,0,0,0,0,0,
2469,Treats,10/8/2014,23:24:22,23:34:21,AK3QACQCA2NP4,0,0,0,0,0,0,0,0,0,0,0,1,0,0,0,0,0,0,0,0,0,0,0,0,0,0,0,0,0,0,0,0,0,0,0,0,0,0,0,0,
2469,Treats,10/8/2014,23:24:22,23:34:21,AK3QACQCA2NP4,0,0,0,0,0,0,0,0,0,0,0,0,0,1,0,0,0,0,0,0,0,0,0,0,0,0,0,0,0,0,0,0,0,0,0,0,0,0,0,0,
2469,Grains,10/8/2014,23:24:22,23:34:21,AK3QACQCA2NP4,0,0,0,1,0,0,0,0,0,0,0,0,0,0,0,0,0,0,0,0,0,0,0,0,0,0,0,0,0,0,0,0,0,0,0,0,0,0,0,0,
2469,Grains,10/8/2014,23:24:22,23:34:21,AK3QACQCA2NP4,0,0,0,0,0,0,0,0,0,0,0,0,0,0,0,0,0,0,0,0,0,0,0,0,0,0,0,0,0,0,0,1,0,0,0,0,0,0,0,0,
2469,Grains,10/8/2014,23:24:22,23:34:21,AK3QACQCA2NP4,0,0,0,0,0,0,0,0,0,0,0,0,0,0,0,0,0,0,0,1,0,0,0,0,0,0,0,0,0,0,0,0,0,0,0,0,0,0,0,0,
2469,Grains,10/8/2014,23:24:22,23:34:21,AK3QACQCA2NP4,0,0,0,0,0,0,0,0,0,0,0,0,0,0,0,0,0,0,0,0,0,0,0,0,0,0,0,0,0,0,0,0,0,0,1,0,0,0,0,0,
2469,Protein,10/8/2014,23:24:22,23:34:21,AK3QACQCA2NP4,0,0,0,0,0,0,0,0,0,0,0,0,0,0,0,0,0,0,0,0,0,0,0,0,0,0,0,0,0,0,0,0,0,0,0,0,0,0,0,1,
2469,Fats,10/8/2014,23:24:22,23:34:21,AK3QACQCA2NP4,0,0,0,0,0,1,0,0,0,0,0,0,0,0,0,0,0,0,0,0,0,0,0,0,0,0,0,0,0,0,0,0,0,0,0,0,0,0,0,0,
2520,Breakfast items,10/9/2014,7:31:38,7:36:21,A29PB2C8XD8TVG,0,0,0,0,0,0,0,1,0,0,1,0,0,1,1,0,0,0,0,1,0,0,0,1,0,0,0,0,0,0,0,0,0,0,0,0,1,0,0,0,
2520,meat and seafood,10/9/2014,7:31:38,7:36:21,A29PB2C8XD8TVG,0,0,0,0,0,0,0,0,0,1,0,0,0,0,0,1,0,1,0,0,0,0,0,0,0,0,0,0,0,0,0,0,1,0,0,1,0,0,0,0,
2520,pizza,10/9/2014,7:31:38,7:36:21,A29PB2C8XD8TVG,0,0,0,0,0,0,0,0,0,0,0,0,0,0,0,0,0,0,0,0,0,0,0,0,0,0,1,0,0,0,0,0,0,0,0,0,0,0,0,0,
2520,snacks,10/9/2014,7:31:38,7:36:21,A29PB2C8XD8TVG,0,0,0,0,0,0,1,0,0,0,0,1,0,0,0,0,0,0,0,0,1,0,0,0,1,0,0,1,1,0,1,0,0,0,0,0,0,0,0,1,
2520,fruits and vegetables,10/9/2014,7:31:38,7:36:21,A29PB2C8XD8TVG,1,1,1,0,1,0,0,0,0,0,0,0,1,0,0,0,1,0,0,0,0,1,1,0,0,1,0,0,0,1,0,1,0,0,0,0,0,0,1,0,
2520,beverages,10/9/2014,7:31:38,7:36:21,A29PB2C8XD8TVG,0,0,0,0,0,0,0,0,0,0,0,0,0,0,0,0,0,0,1,0,0,0,0,0,0,0,0,0,0,0,0,0,0,1,0,0,0,1,0,0,
2520,dairy,10/9/2014,7:31:38,7:36:21,A29PB2C8XD8TVG,0,0,0,0,0,1,0,0,1,0,0,0,0,0,0,0,0,0,0,0,0,0,0,0,0,0,0,0,0,0,0,0,0,0,0,0,0,0,0,0,
2520,starches,10/9/2014,7:31:38,7:36:21,A29PB2C8XD8TVG,0,0,0,1,0,0,0,0,0,0,0,0,0,0,0,0,0,0,0,0,0,0,0,0,0,0,0,0,0,0,0,0,0,0,1,0,0,0,0,0,
2530,Snacks,10/9/2014,7:47:15,7:54:43,A2A53C2WMV8L9R,0,0,0,0,0,0,0,0,0,0,0,0,0,0,0,0,0,0,0,0,1,0,0,0,0,0,0,1,1,0,1,0,0,0,0,0,0,0,0,0,
2530,Fruit,10/9/2014,7:47:15,7:54:43,A2A53C2WMV8L9R,0,1,1,0,0,0,0,0,0,0,0,0,1,0,0,0,0,0,0,0,0,0,1,0,0,1,0,0,0,0,0,0,0,0,0,0,0,0,1,0,
2530,Baked Goods/Breakfast,10/9/2014,7:47:15,7:54:43,A2A53C2WMV8L9R,0,0,0,1,0,0,1,1,0,0,0,1,0,1,1,0,0,0,0,1,0,0,0,1,1,0,0,0,0,0,0,0,0,0,0,0,1,0,0,1,
2530,Drinks,10/9/2014,7:47:15,7:54:43,A2A53C2WMV8L9R,0,0,0,0,0,0,0,0,0,0,1,0,0,0,0,0,0,0,1,0,0,0,0,0,0,0,0,0,0,0,0,0,0,1,0,0,0,1,0,0,
2530,Dairy,10/9/2014,7:47:15,7:54:43,A2A53C2WMV8L9R,0,0,0,0,0,1,0,0,1,0,0,0,0,0,0,0,0,0,0,0,0,0,0,0,0,0,0,0,0,0,0,0,0,0,0,0,0,0,0,0,
2530,Main Course,10/9/2014,7:47:15,7:54:43,A2A53C2WMV8L9R,0,0,0,0,0,0,0,0,0,1,0,0,0,0,0,1,0,1,0,0,0,0,0,0,0,0,1,0,0,0,0,0,1,0,1,1,0,0,0,0,
2530,Vegetables,10/9/2014,7:47:15,7:54:43,A2A53C2WMV8L9R,1,0,0,0,1,0,0,0,0,0,0,0,0,0,0,0,1,0,0,0,0,1,0,0,0,0,0,0,0,1,0,1,0,0,0,0,0,0,0,0,
2562,seafood,10/9/2014,10:11:07,10:21:48,A1BI901QAV3G9T,0,0,0,0,0,0,0,0,0,0,0,0,0,0,0,0,0,1,0,0,0,0,0,0,0,0,0,0,0,0,0,0,1,0,0,0,0,0,0,0,
2562,breakfast foods,10/9/2014,10:11:07,10:21:48,A1BI901QAV3G9T,0,0,0,0,0,0,0,1,0,0,0,0,0,0,0,0,0,0,0,0,0,0,0,1,0,0,0,0,0,0,0,0,0,0,0,0,1,0,0,0,
2562,drinks,10/9/2014,10:11:07,10:21:48,A1BI901QAV3G9T,0,0,0,0,0,0,0,0,0,0,1,0,0,0,0,0,0,0,0,0,0,0,0,0,0,0,0,0,0,0,0,0,0,1,0,0,0,1,0,0,
2562,dairy,10/9/2014,10:11:07,10:21:48,A1BI901QAV3G9T,0,0,0,0,0,1,0,0,1,0,0,0,0,0,0,0,0,0,1,0,0,0,0,0,0,0,0,0,0,0,0,0,0,0,0,0,0,0,0,1,
2562,meats,10/9/2014,10:11:07,10:21:48,A1BI901QAV3G9T,0,0,0,0,0,0,0,0,0,1,0,0,0,0,1,1,0,0,0,0,0,0,0,0,0,0,0,0,0,0,0,0,0,0,0,1,0,0,0,0,
2562,bakery,10/9/2014,10:11:07,10:21:48,A1BI901QAV3G9T,0,0,0,1,0,0,1,0,0,0,0,0,0,1,0,0,0,0,0,1,0,0,0,0,1,0,0,0,0,0,0,0,0,0,0,0,0,0,0,0,
2562,snacks,10/9/2014,10:11:07,10:21:48,A1BI901QAV3G9T,0,0,0,0,0,0,0,0,0,0,0,1,0,0,0,0,0,0,0,0,1,0,0,0,0,0,0,1,1,0,1,0,0,0,0,0,0,0,0,0,
2562,produce,10/9/2014,10:11:07,10:21:48,A1BI901QAV3G9T,1,1,1,0,1,0,0,0,0,0,0,0,1,0,0,0,1,0,0,0,0,1,1,0,0,1,0,0,0,1,0,0,0,0,0,0,0,0,1,0,
2562,pantry food,10/9/2014,10:11:07,10:21:48,A1BI901QAV3G9T,0,0,0,0,0,0,0,0,0,0,0,0,0,0,0,0,0,0,0,0,0,0,0,0,0,0,1,0,0,0,0,1,0,0,1,0,0,0,0,0,
2624,Meats,10/9/2014,14:34:04,14:47:19,ALTS86GYIZFFL,0,0,0,0,0,0,0,0,0,1,0,0,0,0,0,0,0,0,0,0,0,0,0,0,0,0,0,0,0,0,0,0,0,0,0,1,0,0,0,0,
2624,Snack Foods,10/9/2014,14:34:04,14:47:19,ALTS86GYIZFFL,0,0,0,0,0,0,0,0,0,0,0,0,0,0,0,0,0,0,0,0,1,0,0,0,0,0,0,1,1,0,1,0,0,0,0,0,0,0,0,0,
2624,Deserts,10/9/2014,14:34:04,14:47:19,ALTS86GYIZFFL,0,0,0,0,0,0,1,0,0,0,0,1,0,0,0,0,0,0,0,0,0,0,0,0,1,0,0,0,0,0,0,0,0,0,0,0,0,0,0,0,
2624,Dairy Products,10/9/2014,14:34:04,14:47:19,ALTS86GYIZFFL,0,0,0,0,0,1,0,0,1,0,0,0,0,0,0,0,0,0,1,0,0,0,0,0,0,0,0,0,0,0,0,0,0,0,0,0,0,0,0,0,
2624,Meals & Fast Food,10/9/2014,14:34:04,14:47:19,ALTS86GYIZFFL,0,0,0,0,0,0,0,0,0,0,0,0,0,0,0,1,0,0,0,0,0,0,0,0,0,0,1,0,0,0,0,0,0,0,1,0,0,0,0,0,
2624,Breakfast Foods,10/9/2014,14:34:04,14:47:19,ALTS86GYIZFFL,0,0,0,1,0,0,0,1,0,0,0,0,0,1,1,0,0,0,0,1,0,0,0,1,0,0,0,0,0,0,0,0,0,0,0,0,1,0,0,1,
2624,Seafood,10/9/2014,14:34:04,14:47:19,ALTS86GYIZFFL,0,0,0,0,0,0,0,0,0,0,0,0,0,0,0,0,0,1,0,0,0,0,0,0,0,0,0,0,0,0,0,0,1,0,0,0,0,0,0,0,
2624,Fruits,10/9/2014,14:34:04,14:47:19,ALTS86GYIZFFL,0,1,1,0,0,0,0,0,0,0,0,0,0,0,0,0,0,0,0,0,0,0,1,0,0,1,0,0,0,0,0,0,0,0,0,0,0,0,1,0,
2624,Vegetables,10/9/2014,14:34:04,14:47:19,ALTS86GYIZFFL,1,0,0,0,1,0,0,0,0,0,0,0,1,0,0,0,1,0,0,0,0,1,0,0,0,0,0,0,0,0,0,0,0,0,0,0,0,0,0,0,
2624,Beverages,10/9/2014,14:34:04,14:47:19,ALTS86GYIZFFL,0,0,0,0,0,0,0,0,0,0,1,0,0,0,0,0,0,0,0,0,0,0,0,0,0,0,0,0,0,0,0,0,0,1,0,0,0,1,0,0,
2624,Side Dishes,10/9/2014,14:34:04,14:47:19,ALTS86GYIZFFL,0,0,0,0,0,0,0,0,0,0,0,0,0,0,0,0,0,0,0,0,0,0,0,0,0,0,0,0,0,1,0,1,0,0,0,0,0,0,0,0,
2651,Fruit,10/9/2014,17:13:11,17:19:12,A4HJCJSI161JF,0,1,1,0,0,0,0,0,0,0,0,0,0,0,0,0,0,0,0,0,0,0,1,0,0,1,0,0,0,0,0,0,0,0,0,0,0,0,1,0,
2651,Dairy,10/9/2014,17:13:11,17:19:12,A4HJCJSI161JF,0,0,0,0,0,0,0,0,1,0,0,0,0,0,0,0,0,0,1,0,0,0,0,0,0,0,0,0,0,0,0,0,0,0,0,0,0,0,0,1,
2651,Meat,10/9/2014,17:13:11,17:19:12,A4HJCJSI161JF,0,0,0,0,0,0,0,0,0,1,0,0,0,0,1,1,0,0,0,0,0,0,0,0,0,0,0,0,0,0,0,0,0,0,0,1,0,0,0,0,
2651,Starchs/Grains,10/9/2014,17:13:11,17:19:12,A4HJCJSI161JF,0,0,0,1,0,0,0,1,0,0,0,0,0,0,0,0,0,0,0,1,0,0,0,1,0,0,0,0,0,1,0,1,0,0,1,0,1,0,0,0,
2651,Vegetables,10/9/2014,17:13:11,17:19:12,A4HJCJSI161JF,1,0,0,0,1,0,0,0,0,0,0,0,1,0,0,0,1,0,0,0,0,1,0,0,0,0,0,0,0,0,0,0,0,0,0,0,0,0,0,0,
2651,Fats/Junk Food,10/9/2014,17:13:11,17:19:12,A4HJCJSI161JF,0,0,0,0,0,1,1,0,0,0,0,1,0,1,0,0,0,0,0,0,0,0,0,0,1,0,1,1,1,0,1,0,0,0,0,0,0,0,0,0,
2651,Misc. healthy,10/9/2014,17:13:11,17:19:12,A4HJCJSI161JF,0,0,0,0,0,0,0,0,0,0,0,0,0,0,0,0,0,0,0,0,1,0,0,0,0,0,0,0,0,0,0,0,0,0,0,0,0,1,0,0,
2651,Seafood,10/9/2014,17:13:11,17:19:12,A4HJCJSI161JF,0,0,0,0,0,0,0,0,0,0,0,0,0,0,0,0,0,1,0,0,0,0,0,0,0,0,0,0,0,0,0,0,1,0,0,0,0,0,0,0,
2651,Unhealthy liquids,10/9/2014,17:13:11,17:19:12,A4HJCJSI161JF,0,0,0,0,0,0,0,0,0,0,1,0,0,0,0,0,0,0,0,0,0,0,0,0,0,0,0,0,0,0,0,0,0,1,0,0,0,0,0,0,
2660,Crunchy produce,10/9/2014,18:53:18,18:57:22,A3LV60O7E3XAN4,1,1,1,0,1,0,0,0,0,0,0,0,1,0,0,0,1,0,0,0,0,1,1,0,0,1,0,0,0,0,0,0,0,0,0,0,0,0,1,0,
2660,Whole Meal,10/9/2014,18:53:18,18:57:22,A3LV60O7E3XAN4,0,0,0,0,0,0,0,0,0,0,0,0,0,0,0,0,0,0,0,0,0,0,0,0,0,0,1,0,0,0,0,0,0,0,0,0,0,0,0,0,
2660,Substantial snacks,10/9/2014,18:53:18,18:57:22,A3LV60O7E3XAN4,0,0,0,0,0,0,0,0,1,0,0,0,0,0,0,0,0,0,0,0,1,0,0,0,0,0,0,0,1,0,0,0,0,0,0,0,0,0,0,1,
2660,Quick energy,10/9/2014,18:53:18,18:57:22,A3LV60O7E3XAN4,0,0,0,1,0,0,1,1,0,0,0,1,0,1,0,0,0,0,0,1,0,0,0,1,1,0,0,1,0,1,1,1,0,0,1,0,1,0,0,0,
2660,Drinks,10/9/2014,18:53:18,18:57:22,A3LV60O7E3XAN4,0,0,0,0,0,0,0,0,0,0,1,0,0,0,0,0,0,0,1,0,0,0,0,0,0,0,0,0,0,0,0,0,0,1,0,0,0,1,0,0,
2660,Protein meal bases,10/9/2014,18:53:18,18:57:22,A3LV60O7E3XAN4,0,0,0,0,0,0,0,0,0,1,0,0,0,0,1,1,0,1,0,0,0,0,0,0,0,0,0,0,0,0,0,0,1,0,0,1,0,0,0,0,
2660,Butter!,10/9/2014,18:53:18,18:57:22,A3LV60O7E3XAN4,0,0,0,0,0,1,0,0,0,0,0,0,0,0,0,0,0,0,0,0,0,0,0,0,0,0,0,0,0,0,0,0,0,0,0,0,0,0,0,0,
2693,1,10/9/2014,23:49:50,23:54:24,A2TR0BG1WR2KJB,0,0,0,0,0,0,0,0,0,0,0,0,0,0,0,0,0,1,0,0,0,0,0,0,0,0,0,0,0,0,0,0,1,0,0,0,0,0,0,0,
2693,2,10/9/2014,23:49:50,23:54:24,A2TR0BG1WR2KJB,0,0,0,1,0,0,0,1,0,0,0,0,0,0,0,0,0,0,0,0,0,0,0,0,0,0,0,0,0,0,0,1,0,0,1,0,0,0,0,0,
2693,3,10/9/2014,23:49:50,23:54:24,A2TR0BG1WR2KJB,0,0,0,0,0,0,0,0,0,0,0,0,0,1,0,0,0,0,0,1,0,0,0,0,0,0,0,0,0,0,0,0,0,0,0,0,1,0,0,0,
2693,4,10/9/2014,23:49:50,23:54:24,A2TR0BG1WR2KJB,0,0,0,0,0,1,0,0,1,0,0,0,0,0,0,0,0,0,1,0,0,0,0,0,0,0,0,0,0,0,0,0,0,0,0,0,0,0,0,1,
2693,5,10/9/2014,23:49:50,23:54:24,A2TR0BG1WR2KJB,0,0,0,0,0,0,0,0,0,0,0,0,0,0,0,0,0,0,0,0,0,0,0,1,0,0,0,0,0,0,0,0,0,0,0,0,0,0,0,0,
2693,6,10/9/2014,23:49:50,23:54:24,A2TR0BG1WR2KJB,0,0,0,0,0,0,0,0,0,0,0,0,0,0,1,0,0,0,0,0,0,0,0,0,0,0,0,0,0,0,0,0,0,0,0,0,0,0,0,0,
2693,7,10/9/2014,23:49:50,23:54:24,A2TR0BG1WR2KJB,0,0,0,0,0,0,0,0,0,0,0,1,0,0,0,0,0,0,0,0,1,0,0,0,0,0,0,1,1,0,1,0,0,0,0,0,0,0,0,0,
2693,8,10/9/2014,23:49:50,23:54:24,A2TR0BG1WR2KJB,0,0,0,0,0,0,0,0,0,0,0,0,0,0,0,0,0,0,0,0,0,0,0,0,0,0,0,0,0,1,0,0,0,0,0,0,0,0,0,0,
2693,9,10/9/2014,23:49:50,23:54:24,A2TR0BG1WR2KJB,0,0,0,0,0,0,0,0,0,0,0,0,0,0,0,0,0,0,0,0,0,0,0,0,0,0,0,0,0,0,0,0,0,1,0,0,0,1,0,0,
2693,10,10/9/2014,23:49:50,23:54:24,A2TR0BG1WR2KJB,1,1,1,0,1,0,0,0,0,0,0,0,1,0,0,0,1,0,0,0,0,1,1,0,0,1,0,0,0,0,0,0,0,0,0,0,0,0,1,0,
2693,11,10/9/2014,23:49:50,23:54:24,A2TR0BG1WR2KJB,0,0,0,0,0,0,0,0,0,1,0,0,0,0,0,1,0,0,0,0,0,0,0,0,0,0,0,0,0,0,0,0,0,0,0,1,0,0,0,0,
2693,12,10/9/2014,23:49:50,23:54:24,A2TR0BG1WR2KJB,0,0,0,0,0,0,0,0,0,0,0,0,0,0,0,0,0,0,0,0,0,0,0,0,0,0,1,0,0,0,0,0,0,0,0,0,0,0,0,0,
2693,13,10/9/2014,23:49:50,23:54:24,A2TR0BG1WR2KJB,0,0,0,0,0,0,0,0,0,0,1,0,0,0,0,0,0,0,0,0,0,0,0,0,0,0,0,0,0,0,0,0,0,0,0,0,0,0,0,0,
2693,14,10/9/2014,23:49:50,23:54:24,A2TR0BG1WR2KJB,0,0,0,0,0,0,1,0,0,0,0,0,0,0,0,0,0,0,0,0,0,0,0,0,1,0,0,0,0,0,0,0,0,0,0,0,0,0,0,0,
2706,1,10/10/2014,0:43:01,0:48:11,A1OUT63L2RVX3H,0,0,0,0,0,0,0,0,0,1,0,0,0,0,0,1,0,0,0,0,0,0,0,0,0,0,0,0,0,0,0,0,0,0,0,1,0,0,0,0,
2706,2,10/10/2014,0:43:01,0:48:11,A1OUT63L2RVX3H,0,0,0,0,0,0,1,0,0,0,0,1,0,1,0,0,0,0,0,1,0,0,0,0,1,0,0,0,0,0,0,0,0,0,0,0,0,0,0,0,
2706,3,10/10/2014,0:43:01,0:48:11,A1OUT63L2RVX3H,0,0,0,1,0,0,0,1,0,0,0,0,0,0,0,0,0,0,0,0,0,0,0,1,0,0,1,0,0,0,1,1,0,0,1,0,1,0,0,0,
2706,4,10/10/2014,0:43:01,0:48:11,A1OUT63L2RVX3H,1,0,0,0,1,0,0,0,0,0,0,0,1,0,0,0,1,0,0,0,0,1,0,0,0,0,0,0,0,1,0,0,0,0,0,0,0,0,0,0,
2706,5,10/10/2014,0:43:01,0:48:11,A1OUT63L2RVX3H,0,0,0,0,0,0,0,0,0,0,0,0,0,0,0,0,0,1,0,0,0,0,0,0,0,0,0,0,0,0,0,0,1,0,0,0,0,0,0,0,
2706,6,10/10/2014,0:43:01,0:48:11,A1OUT63L2RVX3H,0,0,0,0,0,0,0,0,0,0,1,0,0,0,0,0,0,0,0,0,0,0,0,0,0,0,0,0,0,0,0,0,0,1,0,0,0,1,0,0,
2706,7,10/10/2014,0:43:01,0:48:11,A1OUT63L2RVX3H,0,1,1,0,0,0,0,0,0,0,0,0,0,0,0,0,0,0,0,0,0,0,1,0,0,1,0,0,0,0,0,0,0,0,0,0,0,0,1,0,
2706,8,10/10/2014,0:43:01,0:48:11,A1OUT63L2RVX3H,0,0,0,0,0,1,0,0,1,0,0,0,0,0,1,0,0,0,1,0,0,0,0,0,0,0,0,0,0,0,0,0,0,0,0,0,0,0,0,1,
2706,9,10/10/2014,0:43:01,0:48:11,A1OUT63L2RVX3H,0,0,0,0,0,0,0,0,0,0,0,0,0,0,0,0,0,0,0,0,1,0,0,0,0,0,0,1,1,0,0,0,0,0,0,0,0,0,0,0,
2760,1,10/10/2014,9:52:00,9:55:05,ARASKKI5ZSVHR,0,0,0,0,0,0,0,0,0,0,1,0,0,0,0,0,0,0,0,0,0,0,0,0,0,0,0,0,0,0,0,0,0,1,0,0,0,1,0,0,
2760,2,10/10/2014,9:52:00,9:55:05,ARASKKI5ZSVHR,0,1,1,0,0,0,0,0,0,0,0,0,0,0,0,0,0,0,0,0,0,0,1,0,0,1,0,0,0,0,0,0,0,0,0,0,0,0,1,0,
2760,3,10/10/2014,9:52:00,9:55:05,ARASKKI5ZSVHR,0,0,0,0,0,1,0,0,1,0,0,0,0,0,1,0,0,0,1,0,0,0,0,0,0,0,0,0,0,0,0,0,0,0,0,0,0,0,0,1,
2760,4,10/10/2014,9:52:00,9:55:05,ARASKKI5ZSVHR,0,0,0,1,0,0,0,0,0,0,0,0,1,0,0,0,0,0,0,0,0,0,0,0,0,0,0,0,0,0,0,1,0,0,0,0,0,0,0,0,
2760,5,10/10/2014,9:52:00,9:55:05,ARASKKI5ZSVHR,0,0,0,0,0,0,0,0,0,1,0,0,0,0,0,1,0,1,0,0,0,0,0,1,0,0,1,0,0,0,0,0,1,0,1,1,1,0,0,0,
2760,6,10/10/2014,9:52:00,9:55:05,ARASKKI5ZSVHR,1,0,0,0,1,0,0,0,0,0,0,0,0,0,0,0,1,0,0,0,0,1,0,0,0,0,0,0,0,1,0,0,0,0,0,0,0,0,0,0,
2760,7,10/10/2014,9:52:00,9:55:05,ARASKKI5ZSVHR,0,0,0,0,0,0,1,1,0,0,0,1,0,1,0,0,0,0,0,1,1,0,0,0,1,0,0,1,1,0,1,0,0,0,0,0,0,0,0,0,
2762,1,10/10/2014,10:27:39,10:32:18,ASLHGKHKRWKGE,0,0,0,0,0,0,1,0,0,0,0,0,0,0,0,0,0,0,0,0,0,0,0,0,1,0,0,0,0,0,0,0,0,0,0,0,0,0,0,0,
2762,2,10/10/2014,10:27:39,10:32:18,ASLHGKHKRWKGE,0,0,0,0,0,0,0,0,0,0,0,0,0,0,0,0,0,0,0,0,0,0,0,0,0,0,1,0,0,0,0,0,0,0,0,0,0,0,0,0,
2762,3,10/10/2014,10:27:39,10:32:18,ASLHGKHKRWKGE,0,0,0,0,0,0,0,0,0,1,0,0,0,0,0,1,0,1,0,0,0,0,0,0,0,0,0,0,0,0,0,0,1,0,0,1,0,0,0,0,
2762,4,10/10/2014,10:27:39,10:32:18,ASLHGKHKRWKGE,0,0,0,0,0,0,0,0,0,0,0,0,0,1,0,0,0,0,0,0,0,0,0,1,0,0,0,0,0,0,0,0,0,0,0,0,1,0,0,0,
2762,5,10/10/2014,10:27:39,10:32:18,ASLHGKHKRWKGE,0,0,0,0,0,0,0,0,0,0,0,1,0,0,0,0,0,0,0,0,0,0,0,0,0,0,0,1,1,0,1,0,0,0,0,0,0,0,0,0,
2762,6,10/10/2014,10:27:39,10:32:18,ASLHGKHKRWKGE,0,1,1,0,0,0,0,0,0,0,0,0,0,0,0,0,0,0,0,0,0,0,1,0,0,1,0,0,0,0,0,0,0,0,0,0,0,0,1,0,
2762,7,10/10/2014,10:27:39,10:32:18,ASLHGKHKRWKGE,1,0,0,0,1,0,0,0,0,0,0,0,1,0,0,0,1,0,0,0,0,1,0,0,0,0,0,0,0,1,0,0,0,0,0,0,0,0,0,0,
2762,8,10/10/2014,10:27:39,10:32:18,ASLHGKHKRWKGE,0,0,0,0,0,0,0,0,0,0,1,0,0,0,0,0,0,0,0,0,0,0,0,0,0,0,0,0,0,0,0,0,0,1,0,0,0,1,0,0,
2762,9,10/10/2014,10:27:39,10:32:18,ASLHGKHKRWKGE,0,0,0,0,0,0,0,0,0,0,0,0,0,0,0,0,0,0,0,0,1,0,0,0,0,0,0,0,0,0,0,0,0,0,0,0,0,0,0,0,
2762,10,10/10/2014,10:27:39,10:32:18,ASLHGKHKRWKGE,0,0,0,0,0,1,0,0,1,0,0,0,0,0,1,0,0,0,1,0,0,0,0,0,0,0,0,0,0,0,0,0,0,0,0,0,0,0,0,1,
2762,11,10/10/2014,10:27:39,10:32:18,ASLHGKHKRWKGE,0,0,0,1,0,0,0,1,0,0,0,0,0,0,0,0,0,0,0,1,0,0,0,0,0,0,0,0,0,0,0,1,0,0,1,0,0,0,0,0,
2810,Fruit,10/10/2014,15:07:50,15:13:11,A22YDU4JSQ60PO,0,1,1,0,0,0,0,0,0,0,0,0,0,0,0,0,0,0,0,0,0,0,1,0,0,1,0,0,0,0,0,0,0,0,0,0,0,0,1,0,
2810,Dairy,10/10/2014,15:07:50,15:13:11,A22YDU4JSQ60PO,0,0,0,0,0,1,0,0,1,0,0,0,0,0,0,0,0,0,1,0,0,0,0,0,0,0,0,0,0,0,0,0,0,0,0,0,0,0,0,1,
2810,Vegetables,10/10/2014,15:07:50,15:13:11,A22YDU4JSQ60PO,1,0,0,0,1,0,0,0,0,0,0,0,0,0,0,0,1,0,0,0,0,1,0,0,0,0,0,0,0,0,0,0,0,0,0,0,0,0,0,0,
2810,Grains,10/10/2014,15:07:50,15:13:11,A22YDU4JSQ60PO,0,0,0,1,0,0,0,1,0,0,0,0,1,0,0,0,0,0,0,0,0,0,0,1,0,0,0,1,0,1,1,1,0,0,1,0,1,0,0,0,
2810,Meat,10/10/2014,15:07:50,15:13:11,A22YDU4JSQ60PO,0,0,0,0,0,0,0,0,0,1,0,0,0,0,1,1,0,1,0,0,1,0,0,0,0,0,0,0,0,0,0,0,1,0,0,1,0,0,0,0,
2810,Junk,10/10/2014,15:07:50,15:13:11,A22YDU4JSQ60PO,0,0,0,0,0,0,1,0,0,0,0,1,0,1,0,0,0,0,0,1,0,0,0,0,1,0,1,0,1,0,0,0,0,1,0,0,0,0,0,0,
2810,Nothing,10/10/2014,15:07:50,15:13:11,A22YDU4JSQ60PO,0,0,0,0,0,0,0,0,0,0,1,0,0,0,0,0,0,0,0,0,0,0,0,0,0,0,0,0,0,0,0,0,0,0,0,0,0,1,0,0,
2838,Grains,10/10/2014,21:12:10,21:17:03,A28THWK5IO1YOP,0,0,0,1,0,0,0,1,0,0,0,0,0,0,0,0,0,0,0,0,0,0,0,0,0,0,0,0,0,0,0,1,0,0,0,0,0,0,0,0,
2838,Produce,10/10/2014,21:12:10,21:17:03,A28THWK5IO1YOP,1,1,1,0,1,0,0,0,0,0,0,0,1,0,0,0,1,0,0,0,0,1,1,0,0,1,0,0,0,1,0,0,0,0,0,0,0,0,1,0,
2838,Dinners,10/10/2014,21:12:10,21:17:03,A28THWK5IO1YOP,0,0,0,0,0,0,0,0,0,1,0,0,0,0,0,1,0,1,0,0,0,0,0,0,0,0,1,0,0,0,0,0,1,0,1,1,0,0,0,0,
2838,Beverages,10/10/2014,21:12:10,21:17:03,A28THWK5IO1YOP,0,0,0,0,0,0,0,0,0,0,1,0,0,0,0,0,0,0,0,0,0,0,0,0,0,0,0,0,0,0,0,0,0,1,0,0,0,1,0,0,
2838,Dairy,10/10/2014,21:12:10,21:17:03,A28THWK5IO1YOP,0,0,0,0,0,1,0,0,1,0,0,0,0,0,1,0,0,0,1,0,0,0,0,0,0,0,0,0,0,0,0,0,0,0,0,0,0,0,0,1,
2838,Snacks,10/10/2014,21:12:10,21:17:03,A28THWK5IO1YOP,0,0,0,0,0,0,1,0,0,0,0,1,0,0,0,0,0,0,0,0,1,0,0,0,1,0,0,1,1,0,1,0,0,0,0,0,0,0,0,0,
2838,Breakfast,10/10/2014,21:12:10,21:17:03,A28THWK5IO1YOP,0,0,0,0,0,0,0,0,0,0,0,0,0,1,0,0,0,0,0,1,0,0,0,1,0,0,0,0,0,0,0,0,0,0,0,0,1,0,0,0,
2865,Fruits,10/11/2014,2:54:13,3:02:46,ATS0G1DX7H6M5,0,1,1,0,0,0,0,0,0,0,0,0,0,0,0,0,0,0,0,0,0,0,1,0,0,1,0,0,0,0,0,0,0,0,0,0,0,0,1,0,
2865,Breakfast Items,10/11/2014,2:54:13,3:02:46,ATS0G1DX7H6M5,0,0,0,0,0,0,0,1,0,0,0,0,0,0,1,0,0,0,0,0,0,0,0,1,0,0,0,0,0,0,0,0,0,0,0,0,1,0,0,0,
2865,Vegetables,10/11/2014,2:54:13,3:02:46,ATS0G1DX7H6M5,1,0,0,0,1,0,0,0,0,0,0,0,1,0,0,0,1,0,0,0,0,1,0,0,0,0,0,0,0,1,0,1,0,0,0,0,0,0,0,0,
2865,Meat,10/11/2014,2:54:13,3:02:46,ATS0G1DX7H6M5,0,0,0,0,0,0,0,0,0,1,0,0,0,0,0,1,0,0,0,0,0,0,0,0,0,0,0,0,0,0,0,0,0,0,0,1,0,0,0,0,
2865,Seafood,10/11/2014,2:54:13,3:02:46,ATS0G1DX7H6M5,0,0,0,0,0,0,0,0,0,0,0,0,0,0,0,0,0,1,0,0,0,0,0,0,0,0,0,0,0,0,0,0,1,0,0,0,0,0,0,0,
2865,Bread,10/11/2014,2:54:13,3:02:46,ATS0G1DX7H6M5,0,0,0,1,0,0,0,0,0,0,0,0,0,1,0,0,0,0,0,1,0,0,0,0,0,0,0,0,0,0,0,0,0,0,0,0,0,0,0,0,
2865,Dessert,10/11/2014,2:54:13,3:02:46,ATS0G1DX7H6M5,0,0,0,0,0,0,1,0,0,0,0,1,0,0,0,0,0,0,0,0,0,0,0,0,1,0,0,0,0,0,0,0,0,0,0,0,0,0,0,0,
2865,Toppings,10/11/2014,2:54:13,3:02:46,ATS0G1DX7H6M5,0,0,0,0,0,1,0,0,1,0,0,0,0,0,0,0,0,0,0,0,0,0,0,0,0,0,0,0,0,0,0,0,0,0,0,0,0,0,0,0,
2865,Pasta,10/11/2014,2:54:13,3:02:46,ATS0G1DX7H6M5,0,0,0,0,0,0,0,0,0,0,0,0,0,0,0,0,0,0,0,0,0,0,0,0,0,0,1,0,0,0,0,0,0,0,1,0,0,0,0,0,
2865,Snacks,10/11/2014,2:54:13,3:02:46,ATS0G1DX7H6M5,0,0,0,0,0,0,0,0,0,0,0,0,0,0,0,0,0,0,0,0,1,0,0,0,0,0,0,1,1,0,1,0,0,0,0,0,0,0,0,1,
2865,Beverages,10/11/2014,2:54:13,3:02:46,ATS0G1DX7H6M5,0,0,0,0,0,0,0,0,0,0,1,0,0,0,0,0,0,0,1,0,0,0,0,0,0,0,0,0,0,0,0,0,0,1,0,0,0,1,0,0,
2885,snacks,10/11/2014,9:49:13,9:52:37,AJD5HSZS50NBC,0,0,0,0,0,0,0,0,0,0,0,0,0,0,0,0,0,0,0,0,0,1,0,0,0,0,0,1,0,0,0,0,0,0,0,0,0,0,0,0,
2885,dinner,10/11/2014,9:49:13,9:52:37,AJD5HSZS50NBC,0,0,0,0,0,0,0,0,0,0,0,0,0,0,0,0,0,0,0,0,0,0,0,0,0,0,0,0,0,0,0,0,0,1,1,0,0,0,0,0,
2885,breakfast,10/11/2014,9:49:13,9:52:37,AJD5HSZS50NBC,0,0,0,0,0,0,0,0,0,0,1,0,0,0,1,0,0,0,0,0,0,0,0,0,0,0,0,0,0,0,0,0,0,0,0,0,0,0,0,0,
2885,1,10/11/2014,9:49:13,9:52:37,AJD5HSZS50NBC,0,0,0,0,0,0,0,0,0,0,0,0,0,0,0,0,0,0,0,1,0,0,0,0,0,0,0,0,0,0,0,0,0,0,0,0,0,0,0,0,
2885,frutis and vegies,10/11/2014,9:49:13,9:52:37,AJD5HSZS50NBC,0,0,1,0,0,0,0,0,1,0,0,0,0,0,0,0,0,0,0,0,0,0,0,0,0,0,0,1,0,0,0,0,0,0,0,0,0,0,0,0,
2885,2,10/11/2014,9:49:13,9:52:37,AJD5HSZS50NBC,0,0,0,0,0,0,0,0,0,0,0,0,0,0,0,0,0,0,0,0,1,0,0,0,0,0,0,0,0,0,0,0,0,0,0,0,0,0,0,0,
2906,1,10/11/2014,12:25:21,12:27:52,A19C72XZ10NA82,0,0,0,0,0,1,0,0,1,0,0,0,0,0,0,0,0,0,1,0,0,0,0,0,0,0,0,0,0,0,0,0,0,0,0,0,0,0,0,1,
2906,2,10/11/2014,12:25:21,12:27:52,A19C72XZ10NA82,0,0,0,0,0,0,0,1,0,0,0,0,0,0,0,0,0,0,0,0,0,0,0,0,0,0,1,1,1,0,1,0,0,0,0,0,0,0,0,0,
2906,3,10/11/2014,12:25:21,12:27:52,A19C72XZ10NA82,0,0,0,0,0,0,1,0,0,0,0,1,0,1,0,0,0,0,0,1,0,0,0,0,1,0,0,0,0,0,0,0,0,0,0,0,0,0,0,0,
2906,4,10/11/2014,12:25:21,12:27:52,A19C72XZ10NA82,0,0,0,0,0,0,0,0,0,1,0,0,0,0,1,1,0,1,0,0,0,0,0,0,0,0,0,0,0,0,0,0,1,0,0,1,0,0,0,0,
2906,5,10/11/2014,12:25:21,12:27:52,A19C72XZ10NA82,0,0,0,0,0,0,0,0,0,0,1,0,0,0,0,0,0,0,0,0,0,0,0,0,0,0,0,0,0,0,0,0,0,1,0,0,0,1,0,0,
2906,6,10/11/2014,12:25:21,12:27:52,A19C72XZ10NA82,0,0,0,1,0,0,0,0,0,0,0,0,0,0,0,0,0,0,0,0,0,0,0,1,0,0,0,0,0,0,0,1,0,0,1,0,1,0,0,0,
2906,7,10/11/2014,12:25:21,12:27:52,A19C72XZ10NA82,1,1,1,0,1,0,0,0,0,0,0,0,1,0,0,0,1,0,0,0,1,1,1,0,0,1,0,0,0,1,0,0,0,0,0,0,0,0,1,0,
2941,1,10/11/2014,12:41:26,12:43:54,A3DIRN48SZVNRE,1,0,0,0,1,0,0,0,0,0,0,0,1,0,0,0,1,0,0,0,1,1,0,0,0,0,0,0,0,1,0,0,0,0,0,0,0,0,0,0,
2941,2,10/11/2014,12:41:26,12:43:54,A3DIRN48SZVNRE,0,0,0,1,0,1,0,0,0,0,0,0,0,0,0,0,0,0,0,0,0,0,0,0,0,0,0,0,0,0,1,0,0,0,0,0,0,0,0,0,
2941,3,10/11/2014,12:41:26,12:43:54,A3DIRN48SZVNRE,0,0,0,0,0,0,0,0,0,0,1,0,0,0,0,0,0,0,1,0,0,0,0,0,0,0,0,0,0,0,0,0,0,1,0,0,0,1,0,1,
2941,4,10/11/2014,12:41:26,12:43:54,A3DIRN48SZVNRE,0,0,0,0,0,0,1,1,0,0,0,1,0,1,0,0,0,0,0,1,0,0,0,1,1,0,0,1,1,0,0,0,0,0,0,0,1,0,0,0,
2941,5,10/11/2014,12:41:26,12:43:54,A3DIRN48SZVNRE,0,1,1,0,0,0,0,0,0,0,0,0,0,0,0,0,0,0,0,0,0,0,1,0,0,1,0,0,0,0,0,0,0,0,0,0,0,0,1,0,
2941,6,10/11/2014,12:41:26,12:43:54,A3DIRN48SZVNRE,0,0,0,0,0,0,0,0,1,1,0,0,0,0,1,1,0,1,0,0,0,0,0,0,0,0,1,0,0,0,0,1,1,0,1,1,0,0,0,0,
3011,1,10/11/2014,13:49:31,13:53:33,A2MDDC500R91M6,0,0,0,0,0,0,0,0,0,0,0,0,0,0,0,0,0,0,0,1,0,0,0,0,0,0,0,1,1,0,1,0,0,0,0,0,0,0,0,0,
3011,2,10/11/2014,13:49:31,13:53:33,A2MDDC500R91M6,0,0,0,0,0,0,0,0,0,0,1,0,0,0,0,0,0,0,1,0,0,0,0,0,0,0,0,0,0,0,0,0,0,1,0,0,0,1,0,0,
3011,3,10/11/2014,13:49:31,13:53:33,A2MDDC500R91M6,0,0,0,0,0,1,0,0,1,0,0,0,0,0,0,0,0,0,0,0,0,0,0,0,0,0,0,0,0,0,0,0,0,0,0,0,0,0,0,1,
3011,4,10/11/2014,13:49:31,13:53:33,A2MDDC500R91M6,1,0,0,0,1,0,0,0,0,0,0,0,1,0,0,0,1,0,0,0,0,1,0,0,0,0,0,0,0,1,0,0,0,0,0,0,0,0,0,0,
3011,5,10/11/2014,13:49:31,13:53:33,A2MDDC500R91M6,0,0,0,0,0,0,1,0,0,0,0,1,0,1,0,0,0,0,0,0,0,0,0,0,1,0,0,0,0,0,0,0,0,0,0,0,0,0,0,0,
3011,6,10/11/2014,13:49:31,13:53:33,A2MDDC500R91M6,0,0,0,1,0,0,0,1,0,0,0,0,0,0,0,0,0,0,0,0,1,0,0,0,0,0,0,0,0,0,0,1,0,0,0,0,0,0,0,0,
3011,7,10/11/2014,13:49:31,13:53:33,A2MDDC500R91M6,0,1,1,0,0,0,0,0,0,0,0,0,0,0,0,0,0,0,0,0,0,0,1,0,0,1,0,0,0,0,0,0,0,0,0,0,0,0,1,0,
3011,8,10/11/2014,13:49:31,13:53:33,A2MDDC500R91M6,0,0,0,0,0,0,0,0,0,1,0,0,0,0,1,1,0,1,0,0,0,0,0,0,0,0,0,0,0,0,0,0,1,0,0,1,0,0,0,0,
3011,9,10/11/2014,13:49:31,13:53:33,A2MDDC500R91M6,0,0,0,0,0,0,0,0,0,0,0,0,0,0,0,0,0,0,0,0,0,0,0,1,0,0,1,0,0,0,0,0,0,0,1,0,1,0,0,0,
