[
  {
    "name": "Andalucía",
    "long": -4.5,
    "lat": 37.6
  },
  {
    "name": "Aragón",
    "long": -1.0,
    "lat": 41.0
  },
  {
    "name": "Asturias",
    "long": -5.86112,
    "lat": 43.36662
  },
  {
    "name": "Islas Canarias",
    "long": -15.5,
    "lat": 28.0
  },
  {
    "name": "Cantabria",
    "long": -4.03333,
    "lat": 43.2
  },
  {
    "name": "Castilla y León",
    "long": -4.45,
    "lat": 41.383333
  },
  {
    "name": "Castilla La Mancha",
    "long": -3.000033,
    "lat": 39.500011
  },
  {
    "name": "Cataluña",
    "long": 1.86768,
    "lat": 41.82046
  },
  {
    "name": "Extremadura",
    "long": -6.16667,
    "lat": 39.16667
  },
  {
    "name": "Galicia",
    "long": -7.86621,
    "lat": 42.75508
  },
    {
    "name": "Islas Baleares",
    "long": 2.52136,
    "lat": 39.18969
  },
  {
    "name": "La Rioja",
    "long": -2.44373,
    "lat": 42.4650
  },
  {
    "name": "Comunidad de Madrid",
    "long": -3.70256,
    "lat": 40.4165
  },
   {
    "name": "Región de Murcia",
    "long": -1.13004,
    "lat": 37.98704
  },
  {
    "name": "Navarra",
    "long": -1.676069,
    "lat": 42.695391
  },
  {
    "name": "País Vasco",
    "long": -2.75,
    "lat": 43.0
  },
  {
    "name": "Comunidad Valenciana",
    "long": -0.37739,
    "lat": 39.45975
  },
  {
    "name": "Ceuta",
    "long": -5.316195,
    "lat": 35.88829
  },
  {
    "name": "Melilla",
    "long": -2.938794,
    "lat": 35.29234
  }
]